Job Title,Company Name,Location,Content,Link,Date
Multi-Skilled Plant Operator,Lucas Total Contract Solutions,Australia,Lucas Total Contract Solutions are currently seeking experienced and reliable multi-skilled operators to join our team at our Warrego Project.,https://www.seek.com.au/job/82342375?type=standard&ref=search-standalone&origin=cardTitle#sol=c8eee4874936bdcd9b670b02f22141c69684c973,
Plant Operators - 657/623 Scraper & CAT777,Lucas Total Contract Solutions,Australia,Lucas TCS have commenced recruitment for our new contract at Prominent Hill and we are seeking skilled Scraper & Dump Truck drivers.,https://www.seek.com.au/job/82593669?type=standard&ref=search-standalone&origin=cardTitle#sol=11111e4d4f23440b312030c628f95c4fee60cb59,
Sr Manager - Global Solutions Engineering,Tata Communications Transformation Services PTE LTD,Australia,"�Design and deliver complex solutions as per customer requirements. Work with various stakeholders including sales team, products team, engineering...",https://www.seek.com.au/job/82690274?type=standard&ref=search-standalone&origin=cardTitle#sol=7d1a143b1b3826e2d8b846a2eca26b5218b545fc,
Senior Associate Consultant (Technical Business Analyst),Infosys BPM limited,Australia,"We are searching for candidate with banking industry experience, worked as Tech BA with SQL / Python in workflow generations.",https://www.seek.com.au/job/82253504?type=standard&ref=search-standalone&origin=cardTitle#sol=44fa44c75054c3f20273361fa26beae34e78f5c9,
Business analyst,Infosys Management Consulting Pty Ltd,Australia,Technical Business Analyst- Melbourne,https://www.seek.com.au/job/82701498?type=standard&ref=search-standalone&origin=cardTitle#sol=8495b4182cbd5418287439564c55e39bb52bab9f,
Senior Associate Consultant (Business Analyst – Fraud and Scam),Infosys BPM limited,Australia,"We are looking for an experienced business analyst with strong banking industry background, specialised in Fraud and Scam.",https://www.seek.com.au/job/82406539?type=standard&ref=search-standalone&origin=cardTitle#sol=9a887157032d89f315a8be240c135ec5a8e7b608,
Accountant - Banking / Treasury Management (Process Specialist),Infosys BPM limited,Australia,"We are looking for an accountant with minimum 3+ years experience in Banking and Treasury to join our team, servicing a high profile client.",https://www.seek.com.au/job/82733929?type=standard&ref=search-standalone&origin=cardTitle#sol=f5f09922f9bf5e26a3d7c8d54aae817705adeffd,
Senior Associate Consultant (Business Analyst-Payroll System),Infosys BPM limited,Australia,We are seeking a highly skilled Functional Business Analyst to join our team and support the Payroll Replacement Project for Workday system.,https://www.seek.com.au/job/82220873?type=standard&ref=search-standalone&origin=cardTitle#sol=143d65da243751d89131f8c238b77071d38500a0,
Senior Technical business analyst,Infosys Management Consulting Pty Ltd,Australia,Senior Technical Business Analyst- Perth - Fulltime,https://www.seek.com.au/job/82701089?type=standard&ref=search-standalone&origin=cardTitle#sol=be5b0b1af6142773a91e90bf4567f9659c822c07,
SAP EC Architect,Paxus,Australia,This high-profile client is seeking for SAP EC Architect to join their Team.,https://www.seek.com.au/job/82760986?type=standard&ref=search-standalone&origin=cardTitle#sol=6f0195e0f3d425545760f13853f37ba42812b576,
Technical Lead - Salesforce / Omnistudio,Experis AU,Australia,A unique Opp for a strong Salesforce Tech Lead with Solution Design & development expertise | 6mths Contract + Extns | Key projects on a Digi Trans!,https://www.seek.com.au/job/82782114?type=standard&ref=search-standalone&origin=cardTitle#sol=fa3ba8da42d2a68e32a0e2d1d5df40bb07c94218,
SAP CRM ABAP Developer,Randstad Digital,Australia,SAP CRM ABAP Developer 12 Month contract *Open to all major cities across Australia* *Must be an Australian citizen to be eligible for this role.*,https://www.seek.com.au/job/82321213?type=standard&ref=search-standalone&origin=cardTitle#sol=7f940c5334aff4b9309b2ce91a0eba8b177bf7a1,
"Contact Centre, Switchboard Manager Analyst",Wirrigan Group,Australia,"• CC Process definition, doco, re-engineering • SLA Compliance • Customer Interactions • Support to engagement activities. • NV1 / NV2 Clearance",https://www.seek.com.au/job/82121394?type=standard&ref=search-standalone&origin=cardTitle#sol=b1c84d28dcf1caca4206608a4005adc527d13a20,
Strategy Consultant,Infosys limited,Australia,We have an opportunity available for a Strategy Consultant to join our Digital Team. Requirements Role: Strategy Consultant - Public Sector Locati...,https://www.seek.com.au/job/82418314?type=standard&ref=search-standalone&origin=cardTitle#sol=f9e4309a36f6a1f6b9a5d6a3fe65e26b97d2bb29,
Enterprise Service Management Platforms Architect,Infosys limited,Australia,"Infosys Consulting is the worldwide management and IT consultancy unit of the Infosys Group (NYSE: INFY), a global advisor to leading companies for...",https://www.seek.com.au/job/82211296?type=standard&ref=search-standalone&origin=cardTitle#sol=246478ace94d35e25d9dc6d151b1337e14eaaa1b,
PEGA CDH Consultant,Infosys limited,Australia,Relevant Experience: At least 12 years of experience delivering technology solutions with Pega Customer Decision Hub (CDH). Additional experience w...,https://www.seek.com.au/job/82389913?type=standard&ref=search-standalone&origin=cardTitle#sol=a545cd27fe634aea863087b74a51caa19b2cf291,
SAP Ariba Consultant,Infosys limited,Australia,Job Summary: We are seeking an experienced SAP Ariba Consultant to join our team. The ideal candidate will have over 8 years of experience in SAP A...,https://www.seek.com.au/job/82351186?type=standard&ref=search-standalone&origin=cardTitle#sol=885fc71e57e4824d2660e4eba55cae73bb2d8dc1,
Inbound Sales Specialist,Tech Mahindra Ltd.,Australia,An incredible and rewarding opportunity to use your Sales Skills in the telecom industry.,https://www.seek.com.au/job/82119512?type=standard&ref=search-standalone&origin=cardTitle#sol=45cd4bbfc6d7a3367a667c052bb55f4fc6b13116,
Qualified Automotive Technician/Master Technician,North East Motor Group,Australia,"Join North East Motor group, use advanced tech to diagnose & repair vehicles, competitive pay & benefits.",https://www.seek.com.au/job/82245939?type=standard&ref=search-standalone&origin=cardTitle#sol=25759149b5dec3c53947dcf3bfd514f25eb3b0e9,
Solutions Designer-ETL,Tech Mahindra Ltd.,Australia,"Design and develop ETL solutions for Azure data warehouses/lakes, ensuring data quality and security. Optimize and document ETL processes.",https://www.seek.com.au/job/82435598?type=standard&ref=search-standalone&origin=cardTitle#sol=f142c7ae58d0f3a3dd25abacfc512d691abbbe91,
Informatica MDM Developer,Tech Mahindra Ltd.,Australia,"You'll develop, configure & enhance Informatica MDM solutions, collaborating with cross-functional teams for seamless integration of data management.",https://www.seek.com.au/job/82435229?type=standard&ref=search-standalone&origin=cardTitle#sol=108ada434c09a78f67411c0fc33122ce4461a711,
Pre-Delivery Vehicle Detailers,Westpoint Autos,Australia,Experienced Vehicle Detailers positions available based within our Pre-Delivery Centre at Seventeen Mile Rocks,https://www.seek.com.au/job/82381547?type=standard&ref=search-standalone&origin=cardTitle#sol=abdffe596c3852c5e152c555e8caea741e3d58f4,
Sr..Data Engineer - DATABRICKS,Tech Mahindra Limited,Australia,"Comfortable working within conceptual, logical and physical data model following Data Vault 2.0 and Kimball data modelling methodologies Experience...",https://www.seek.com.au/job/82762056?type=standard&ref=search-standalone&origin=cardTitle#sol=466ec4162073a2b1d912d4cc1b497370e8f0773a,
Service desk,HCL Australia Services Pty Ltd,Australia,Service Desk Analyst or Service Desk Senior Analyst,https://www.seek.com.au/job/82410616?type=standard&ref=search-standalone&origin=cardTitle#sol=8c7dd73aa235bb11447e63e8cd761115b2c50237,
Java Full Stack Developer,HCL Australia Services Pty Ltd,Australia,A job that provides perfect platform to grow yourself and your career.,https://www.seek.com.au/job/82691593?type=standard&ref=search-standalone&origin=cardTitle#sol=ce94b0ca04c185daded10bb789c02240d114c7d5,
Deskside Support Engineer,HCL Australia Services Pty Ltd,Australia,"IT Support, Desktop support",https://www.seek.com.au/job/82200927?type=standard&ref=search-standalone&origin=cardTitle#sol=428290d266149277c3c4accb73110044bbb5f178,
Java Developer,Claims Pharmacy,Australia,"An exciting opportunity to be part of a rapidly growing business, helping to deliver on key technology strategies!",https://www.seek.com.au/job/82653822?type=standard&ref=search-standalone&origin=cardTitle#sol=f41274bfc88c4a1c6af8d7eeebef6f411ffea425,
Platform Engineer,HCL Australia Services Pty Ltd,Australia,A job that provides perfect platform to grow yourself and your career.,https://www.seek.com.au/job/82690911?type=standard&ref=search-standalone&origin=cardTitle#sol=202c8ea8bf38d1e91049a3d0b44ccba0f7b1e169,
Principal Data Architect,HCL Australia Services Pty Ltd,Australia,A job that provides perfect platform to grow yourself and your career.,https://www.seek.com.au/job/82695204?type=standard&ref=search-standalone&origin=cardTitle#sol=0f797b6617dc5255325550bc80b3ba084e426131,
Informatica ETL Test Engineer,HCL Australia Services Pty Ltd,Australia,A job that provides perfect platform to grow yourself and your career.,https://www.seek.com.au/job/82692678?type=standard&ref=search-standalone&origin=cardTitle#sol=229577e0ab765b28be7c368cfa11c0c5f83c5ab9,
Android/iOS Developer,HCL Australia Services Pty Ltd,Australia,A job that provides perfect platform to grow yourself and your career.,https://www.seek.com.au/job/82563058?type=standard&ref=search-standalone&origin=cardTitle#sol=a9bcbcc2d1508258e7c03f7e9166917e65f90713,
IT Operations Manager,Claims Pharmacy,Australia,"An exciting opportunity to join a rapidly growing business, leading the transformation of their IT Operations!",https://www.seek.com.au/job/82509948?type=standard&ref=search-standalone&origin=cardTitle#sol=83adc86e83d06a316325609d2442dbb94bb6fb47,
Senior Analyst,HCL Australia Services Pty Ltd,Australia,Senior Analyst,https://www.seek.com.au/job/82765649?type=standard&ref=search-standalone&origin=cardTitle#sol=00f9aa6440f903dcf7df9dec9a45400f323cdd65,
.NET Lead Developer (AWS and Kafka),HCL Australia Services Pty Ltd,Australia,Seeking Azure .NET Lead to join us.,https://www.seek.com.au/job/82767410?type=standard&ref=search-standalone&origin=cardTitle#sol=068c46179e6be4e818f6b93b3d49651f9c8a038e,
SDM,HCL Australia Services Pty Ltd,Australia,SDM,https://www.seek.com.au/job/82607740?type=standard&ref=search-standalone&origin=cardTitle#sol=cb00c6acca35af301dcc034826f304447640df54,
Senior Pega Consultant/Lead,HCL Australia Services Pty Ltd,Australia,A job that provides perfect platform to grow yourself and your career.,https://www.seek.com.au/job/82739845?type=standard&ref=search-standalone&origin=cardTitle#sol=1e19ed56c1d9f01bab21e5b26b38368ae82fe926,
Data Disposition Lead,HCL Australia Services Pty Ltd,Australia,"We’re Hiring: Data Disposition Lead, Melbourne, Australia!",https://www.seek.com.au/job/82152067?type=standard&ref=search-standalone&origin=cardTitle#sol=1c0e226239f0b62857219123fe1022ef50670b74,
Project Manager - Integrations / Cyber Security / Banking,DWS Limited,Australia,"DWS has an immediate need for an experienced PM with Cyber Security & integration expertise, ideally with experience gained within Banking systems",https://www.seek.com.au/job/82642100?type=standard&ref=search-standalone&origin=cardTitle#sol=9299d5ce6a4ad7734ee046b8717fed920e9c1048,
Solutions Architect,HCL Australia Services Pty Ltd,Australia,The best place to explore your potentials.,https://www.seek.com.au/job/82291780?type=standard&ref=search-standalone&origin=cardTitle#sol=af507a29f5aff333c1849d00d6c572fffe246ef8,
Automation testers with C# & Ranorex,HCL Australia Services Pty Ltd,Australia,Automation testers with C# & Ranorex,https://www.seek.com.au/job/82548710?type=standard&ref=search-standalone&origin=cardTitle#sol=5b4978234951a96715aea84c6c7851bb65d32dcb,
Sub-Domain Architects - Banking,DWS Limited,Australia,"Banking Sub-Domain Architect, immediate start, great rate, ongoing opportunity, Melb CBD office + WFH hybrid",https://www.seek.com.au/job/82120559?type=standard&ref=search-standalone&origin=cardTitle#sol=c2f70f34cbb7e968c60a0e93b825895160cb4ef4,
Technical Architect,HCL Australia Services Pty Ltd,Australia,A job that provides perfect platform to grow yourself and your career.,https://www.seek.com.au/job/82291849?type=standard&ref=search-standalone&origin=cardTitle#sol=85ce257ac1fc9fb134c33cd7984aac8351436468,
Technical Lead - Omnichannel,KIT Consulting Group,Australia,Tech Lead/ Architect | Digital & Omni-Channel | 6 month contract - Work with an outstanding Enterprise Architect. Deliver strategic retail solutions.,https://www.seek.com.au/job/82128594?type=standard&ref=search-standalone&origin=cardTitle#sol=84ffa822ee065b089c82c39db62b2f859f043923,
Business Analyst,Wipro Limited,Australia,Seeking a Business Analyst to support the design and development of business transformation projects and involved in delivering a new company website.,https://www.seek.com.au/job/82480975?type=standard&ref=search-standalone&origin=cardTitle#sol=d8aa8b5bfb9a191a43ae3f0fa7ff7c409e072964,
ICT Business and Systems Analysts -LMT,Wipro Limited,Australia,EXCITING OPPORTUNITIES AT WIPRO!,https://www.seek.com.au/job/82532450?type=standard&ref=search-standalone&origin=cardTitle#sol=1a602caafed84e01762c2d4163618dee484dd73c,
ICT Systems Test Engineer- LMT,Wipro Limited,Australia,EXCITING OPPORTUNITIES AT WIPRO!,https://www.seek.com.au/job/82484666?type=standard&ref=search-standalone&origin=cardTitle#sol=92c3ebdbd134613ef7f2d812990f6fd7ce32d22c,
Senior Penetration Tester,Wipro Limited,Australia,Seeking an experienced Senior Penetration Tester to work for a large program of work within Banking/ finanace sector.,https://www.seek.com.au/job/82673436?type=standard&ref=search-standalone&origin=cardTitle#sol=10daabf98eca77b52ac361eaedd2e6c36126b1ba,
Database Administrator - LMT,Wipro Limited,Australia,EXCITING OPPORTUNITIES AT WIPRO!,https://www.seek.com.au/job/82219529?type=standard&ref=search-standalone&origin=cardTitle#sol=b2b5b2163366cf849655bd7d5f4379ca804c0c13,
Cyber Solution Designer,Wipro Limited,Australia,Join an exciting Cyber Solution Designer role large program of work based in Sydney for a Telco client.,https://www.seek.com.au/job/82774327?type=standard&ref=search-standalone&origin=cardTitle#sol=ee701c55009ad9227f40297bad046ac2a467458e,
Senior Test Analyst,Peoplebank Australia NSW,Australia,6 months Contract AU Citizen required Contact Centre experience will be highly desirable Our client is looking for a highly skilled Senior,https://www.seek.com.au/job/82735513?type=standard&ref=search-standalone&origin=cardTitle#sol=1f54af6f9ede5be7a146af43d0e9d4d87981af20,
Technical Lead Engineer,Wipro Limited,Australia,Seeking a System Engineer / Technical Lead with strong experience in infrastructure or system engineering domain.,https://www.seek.com.au/job/82538770?type=standard&ref=search-standalone&origin=cardTitle#sol=fe655845d94c1961638b16a6b516f1e67ca2e660,
Integration Platform Delivery Manager,Wipro Limited,Australia,"Seeking a Platform Delivery manager with strong experience in delivering integration platforms using SaaS products, particularly MuleSoft.",https://www.seek.com.au/job/82406803?type=standard&ref=search-standalone&origin=cardTitle#sol=93a986ef491a58f24c7452833d02f0280ddf0ac4,
Data Test Manager,Wipro Limited,Australia,Seeking an experienced Test manager to work on a large data platform project with our Telco client.,https://www.seek.com.au/job/82250226?type=standard&ref=search-standalone&origin=cardTitle#sol=959bac6154aaa80dee4d25c50a1a462f0941d0e2,
Cyber Security Program Manager,Wipro Limited,Australia,Seeking an experienced Cyber Security Leader with experience in handling large managed services engagement and transformation programs.,https://www.seek.com.au/job/82248016?type=standard&ref=search-standalone&origin=cardTitle#sol=61db45b353e239244977af93bd49a6e874c2f5f3,
Automation Test Lead,Wipro Limited,Australia,Seeking an experienced Automation Test Lead for an initial 6 Months Fixed term role to work on our large program.,https://www.seek.com.au/job/82531157?type=standard&ref=search-standalone&origin=cardTitle#sol=86053552a17b129a7bb2fd3e057851d1f5781639,
Physical Security - Cyber Security,Wipro Limited,Australia,"Physical Cyber Security expert to manage security systems, incident response, and risk analysis & System access control.",https://www.seek.com.au/job/82562239?type=standard&ref=search-standalone&origin=cardTitle#sol=f82c5fcc9514c5d76355f838b9153dbc918e9e90,
IAM Practice Manager,Wipro Limited,Australia,We are looking to fill a leadership position for an experienced IDAM Practice Lead/Delivery Manager based in Sydney/Melbourne.,https://www.seek.com.au/job/82598603?type=standard&ref=search-standalone&origin=cardTitle#sol=203543cf66c0b377c4bd98ce8e5038ce307ee392,
OT COMMS (Operational Technology) SME,Wipro Limited,Australia,The OT COMMS SME for Power Utility Transmission and Distribution is responsible for managing and overseeing all communication systems.,https://www.seek.com.au/job/82712170?type=standard&ref=search-standalone&origin=cardTitle#sol=6e2298a02ce55b662f1d299b49ca1afe6891eed0,
SAP PPM/PS Consultant,Wipro Limited,Australia,Wipro is seeking an experienced techno-functional consultant with SAP PPM/PS modules experience based in Sydney.,https://www.seek.com.au/job/82115206?type=standard&ref=search-standalone&origin=cardTitle#sol=2e4c0f3d638997d6a44a48213a9bb97f69b7d21a,
SAP FI operations manager,Wipro Limited,Australia,SAP FI Operation Lead for an 12 months fixed term role to manage our customer Finance platform.,https://www.seek.com.au/job/82569945?type=standard&ref=search-standalone&origin=cardTitle#sol=1bf67732006b16e413e1af529a76faba67f14697,
Senior Network Security Engineer / Palo Alto Firewall Specialist,Wipro Limited,Australia,"Designing, implementing, and managing Palo Alto Firewalls in complex environments, handling migrations, and ensuring network security compliance",https://www.seek.com.au/job/82375318?type=standard&ref=search-standalone&origin=cardTitle#sol=50b91553747ddbc38e3c205c72b3c49a62e44e02,
Automation Engineer in New Payments Platform (NPP) - Melbourne,Cognizant Technology Solutions Australia Pty Ltd,Australia,"Develop and maintain automation testing frameworks using industry-standard tools (e.g., TOSCA, Selenium, Rest Assured, etc.)",https://www.seek.com.au/job/82742450?type=standard&ref=search-standalone&origin=cardTitle#sol=370a40e59ae27dda94fea0d8d0673e6198a3565e,
Guidewire Test Engineer - Sydney,Cognizant Technology Solutions Australia Pty Ltd,Australia,Test Engineer to perform quality engineering activities and focus on the delivery of valuable outcomes and ensures alignment to client.,https://www.seek.com.au/job/82660705?type=standard&ref=search-standalone&origin=cardTitle#sol=afadf715dc2a4c802bbdc3c38634f3ebf9a3f884,
Lead Software Developer - DAON,Cognizant Technology Solutions Australia Pty Ltd,Australia,Own the project from the initial stages in the implementation of DAON's TrustX and IdentityX platform!,https://www.seek.com.au/job/82762167?type=standard&ref=search-standalone&origin=cardTitle#sol=6fb79b0635eababa7775ae6b0c74dbfea62883df,
Senior Business Analyst - ServiceNow,Cognizant Technology Solutions Australia Pty Ltd,Australia,We are seeking a Senior Business Analyst with specialization in Service Now to join our dynamic team,https://www.seek.com.au/job/82081055?type=standard&ref=search-standalone&origin=cardTitle#sol=ead17b491b771b348ae67afe55a8775b1bf5728d,
Senior Performance Test Engineer - Melbourne,Cognizant Technology Solutions Australia Pty Ltd,Australia,Passionate Sr. Performance Test Engineer to perform quality engineering activities and focus on the delivery of valuable outcomes,https://www.seek.com.au/job/82523556?type=standard&ref=search-standalone&origin=cardTitle#sol=b7e08633b01697cbfc85b909d925e2e6f286e42f,
Senior Engagement Manager - ServiceNow,Cognizant Technology Solutions Australia Pty Ltd,Australia,Are you a seasoned Engagement Manager with a passion for ServiceNow? Join Cognizant and lead our projects to success!,https://www.seek.com.au/job/82187996?type=standard&ref=search-standalone&origin=cardTitle#sol=e5e13828b0e390cd346dc01eb4d41d353137a2c0,
Azure Data Architect,Cognizant Technology Solutions Australia Pty Ltd,Australia,"Azure Data Architect, you will be responsible for developing comprehensive data architectures that align with business requirements",https://www.seek.com.au/job/82560320?type=standard&ref=search-standalone&origin=cardTitle#sol=f3c205b3a9c1c2a6b8b7d84a993df58e950e5f7b,
Senior Business Process Consultant - ServiceNow,Cognizant Technology Solutions Australia Pty Ltd,Australia,As a Senior Business Process Consultant you will guide clients and teams towards successful process optimization and implementation of best practices,https://www.seek.com.au/job/82080811?type=standard&ref=search-standalone&origin=cardTitle#sol=0e807cf8839956449e8c7de1112a0c663e471557,
Gen AI Trainer,Cognizant Technology Solutions Australia Pty Ltd,Australia,Deliver training courses from Cognizant’s course catalog in generative AI specialization.,https://www.seek.com.au/job/82380747?type=standard&ref=search-standalone&origin=cardTitle#sol=b78a4967f1c669e6576093ea74c5014949b13c24,
Senior Solution Architect - ServiceNow,Cognizant Technology Solutions Australia Pty Ltd,Australia,We are seeking a Senior Solution Architect with expertise in ServiceNow to join our growing team,https://www.seek.com.au/job/82074053?type=standard&ref=search-standalone&origin=cardTitle#sol=4c5a0be0f6b5f3d345d28d47ae95f96750114a4c,
Scrum Master,Cognizant Technology Solutions Australia Pty Ltd,Australia,"Cognizant is seeking a highly experienced Scrum Master, to play a pivotal role in coaching and implementing Scrum in a scaled environment",https://www.seek.com.au/job/82187907?type=standard&ref=search-standalone&origin=cardTitle#sol=2b12ad36ba54db1509da1913923b850f4e5783ab,
Site Reliability Architect,Cognizant Technology Solutions Australia Pty Ltd,Australia,"We are is seeking a Site Reliability Architect, to play a pivotal role in managing the complex challenges of scale unique to our digitization program",https://www.seek.com.au/job/82438092?type=standard&ref=search-standalone&origin=cardTitle#sol=2d1dcac319299d640f27c3a5be3a5378a23b3ca2,
Salesforce Developer - (REMOTE) Anywhere in Australia,AYAN INFOTECH PTY LTD,Australia,Salesforce Developers and fluent in Apex along with Omni Studio experience and Siebel experience is desirable. Australian citizen's are preferred.,https://www.seek.com.au/job/82771924?type=standard&ref=search-standalone&origin=cardTitle#sol=76e4669dcf90e092e850a2523efa0c6c3366bb8c,
Senior Guidewire Developer,icare,Australia,"Enhance and maintain Guidewire insurance solutions, driving efficiency, reliability, and innovation in a dynamic, collaborative environment.",https://www.seek.com.au/job/82767364?type=standard&ref=search-standalone&origin=cardTitle#sol=c7bc71913a199be91086f3eff855e4b27745dda1,
Senior Training and Development Officer,SA Health - Dept for Health and Wellbeing,Australia,"As the Senior Training and Development Officer, you will drive the development, maintenance and delivery of training materials and courses.",https://www.seek.com.au/job/82788318?type=standard&ref=search-standalone&origin=cardTitle#sol=6c3bf2d30e3bd3760915d3f1c343e245974af633,
Executive Officer,SA Health - Dept for Health and Wellbeing,Australia,Responsible for providing a range of effective administrative services and executive support with a strong focus on correspondence.,https://www.seek.com.au/job/82558116?type=standard&ref=search-standalone&origin=cardTitle#sol=e3e359396658b2bc0eb35c6e313ef9b1d63b3822,
Assistant Director _ Franchise Development,MindChamps Early Learning & PreSchool,Australia,"Join MindChamps as a Franchise Development Specialist! Lead franchise growth, engage top candidates, and shape the future of early education.",https://www.seek.com.au/job/82348109?type=standard&ref=search-standalone&origin=cardTitle#sol=d5709e8dcf40a487731009a71c0f8d716ef949d9,
API Engineer,Cognizant Technology Solutions Australia Pty Ltd,Australia,"At Cognizant, together with your colleagues from all around the world, you will collaborate on creating solutions for the world's leading companies...",https://www.seek.com.au/job/82792063?type=standard&ref=search-standalone&origin=cardTitle#sol=5b10ca6e95c8deadf493e70064365ea83275ded2,
Full Stack Engineer,Cognizant Technology Solutions Australia Pty Ltd,Australia,"At Cognizant, together with your colleagues from all around the world, you will collaborate on creating solutions for the world's leading companies...",https://www.seek.com.au/job/82792072?type=standard&ref=search-standalone&origin=cardTitle#sol=392723b5eeb058dcad8c1bbe733a8468917717f0,
Salesforce Business Analyst,Cognizant Technology Solutions Australia Pty Ltd,Australia,We are seeking a highly experienced Business Analyst to join our team. The ideal candidate will have extensive technical expertise in Salesforce an...,https://www.seek.com.au/job/82792051?type=standard&ref=search-standalone&origin=cardTitle#sol=16d3aa2ff7bdb76a240eb4570d42526d6f903c1a,
UI Engineer,Cognizant Technology Solutions Australia Pty Ltd,Australia,"At Cognizant, together with your colleagues from all around the world, you will collaborate on creating solutions for the world's leading companies...",https://www.seek.com.au/job/82792097?type=standard&ref=search-standalone&origin=cardTitle#sol=1370300decb5faa51c1613462218ef2990695033,
Gen AI Solution Lead,Tata Consultancy Services,"Jamjodhpur, Gujarat, India","Gen AI Developer

Job Title: Solution Leads

Education: B.E. / B. Tech.

Experience: 15+ years Core IT Solutions/Architecture/Design expertise, specifically in AI, GenAI

Primary
• Hands-on Experience to all SDLC Phases
• Solution Conceptualization
• Expertise in Technical Design, specifically in AI, GenAI
• Exposure to Technology Architecture, specifically in Ai, GenAI
• Customer Liaison Experience
• Pre-sales Experience

Desirable: Research and Innovation inclination

Intellectual Property (IP) Creation and Filing

Good domain knowledge of at least one industry vertical

Technical: Artificial Intelligence, Machine Learning, Deep Learning, Generative AI

Expertise on Java/JEE or Microsoft Stack

Languages – Python, C#, Java, PERL, PHP

Know-How:

Trustworthy AI

HCI, Distributed Large Scale Enterprise Architecture,

Mobility, Cloud Computing

Performance, Scalability, Availability, Security, Deployment

Awareness:

Technology Trends and Advancements

Responsibility:
• Opportunity identification for Value-Add solution – Create Point of View and Business case
• Conceptualize / Design / Develop the AI, GenAI, solution
• Team Building
• Collaboration with relevant teams in TCS to enable solution delivery

Measures:

Number of solutions and the business value delivered",https://www.recruit.net/job/gen-ai-solution-jobs/1B31B91D1BA4039B?utm_campaign=google_jobs_apply&utm_source=google_jobs_apply&utm_medium=organic,
"AWS GenAI Engineer (Prompt Engineering, Python, Bedrock)-10	12Yrs Exp Kol,Hyd, Chennai, Pune",Tata Consultancy Services,"Hyderabad, Telangana, India","AWS GenAI Engineer (Prompt Engineering, Python, Bedrock)

-Exp-10012Yrs

Location- Kolkata, Hyderabad, Chennai, Pune

Main Responsibilities of a Generative AI Engineer

Your main responsibilities will include:
• Designing, developing, and implementing generative AI models and algorithms utilizing state-of-the-art techniques such as GPT, VAE (Variational AutoEncoders), and GANs (Generative Adversarial Networks).
• Collaborating with cross-functional teams to define AI project requirements and objectives, ensuring alignment with overall business goals.
• Conducting research to stay up-to-date with the latest advancements in generative AI, machine learning, and deep learning techniques and identify opportunities to integrate them into our products and services.
• Optimizing existing generative AI models for improved performance, scalability, and efficiency.
• Developing and maintaining AI pipelines, including data preprocessing, feature extraction, model training, and evaluation.
• Developing clear and concise documentation, including technical specifications, user guides, and presentations, to communicate complex AI concepts to both technical and non-technical stakeholders.
• Contributing to the establishment of best practices and standards for generative AI development within the organization.
• Providing technical mentorship and guidance to junior team members.

Main Responsibilities of a Generative AI Engineer

Your main responsibilities will include:
• Designing, developing, and implementing generative AI models and algorithms utilizing state-of-the-art techniques such as GPT, VAE (Variational AutoEncoders), and GANs (Generative Adversarial Networks).
• Collaborating with cross-functional teams to define AI project requirements and objectives, ensuring alignment with overall business goals.
• Conducting research to stay up-to-date with the latest advancements in generative AI, machine learning, and deep learning techniques and identify opportunities to integrate them into our products and services.
• Optimizing existing generative AI models for improved performance, scalability, and efficiency.
• Developing and maintaining AI pipelines, including data preprocessing, feature extraction, model training, and evaluation.
• Developing clear and concise documentation, including technical specifications, user guides, and presentations, to communicate complex AI concepts to both technical and non-technical stakeholders.
• Contributing to the establishment of best practices and standards for generative AI development within the organization.
• Providing technical mentorship and guidance to junior team members.

Thank you

TCS HR

Purnima Solanki",https://in.linkedin.com/jobs/view/aws-genai-engineer-prompt-engineering-python-bedrock-10%0912yrs-exp-kol-hyd-chennai-pune-at-tata-consultancy-services-4094839080?utm_campaign=google_jobs_apply&utm_source=google_jobs_apply&utm_medium=organic,
"AI/ML, GENAI, NLP, Deep Learning, LLM Models",Tata Consultancy Services,"Mumbai, Maharashtra, India","Role ** AIML GenAI Engineer Required Technical Skill Set ** NLP, LAMA Model, AI, ML, GenAI Desired Experience Range ** 4 – 7 years Location of Requirement : Mumbai, Hyderabad, Bangalore Desired Competencies (Technical/Behavioral Competency) Must-Have** (Ideally should not be more than 3-5) · Expertise on NLP, LAMA Model · Expertise AI, ML, GENAI · Experience on identifying right model and train models. · Machine learning (ML), Data Science, Statistical modeling. · Python Programming. · Develop and maintain a platform that automates creating, training, deploying and updating machine learning models. · Build, maintain, and optimize machine learning solutions. · experience building large-scale data pipelines. · GEN-AI knowledge Good-to-Have Devops Knowledge SN Responsibility of / Expectations from the Role Understanding the requirements. designs, builds, and runs machine learning systems at scale. maintaining the infrastructure that supports the models and algorithms that power the products improving your model's accuracy by tweaking its parameters or updating the data it uses for training Develop and maintain a platform that automates creating, training, deploying and updating machine learning models. Customer Product Documentation Participation in trouble report reviews and analysis System Integration Testing",https://jobs.techwireasia.com/job/aiml-genai-nlp-deep-learning-llm-models-bRP92sLt_M-at-tata-consultancy-services-3?utm_campaign=google_jobs_apply&utm_source=google_jobs_apply&utm_medium=organic,
AI Innovator for Next-Generation Solutions,Tata Consultancy Services,"Hyderabad, Telangana, India","Job Overview

We are seeking a highly skilled AWS GenAI Engineer to join our team in developing and implementing cutting-edge generative AI models and algorithms. As a key member of our cross-functional team, you will be responsible for designing, developing, and optimizing AI solutions that drive business growth and innovation.",https://in.bebee.com/job/78de4af3794282123c6c7398ea5394b6?utm_campaign=google_jobs_apply&utm_source=google_jobs_apply&utm_medium=organic,
Gen AI  - 46079,Wipro,India,"Job Title : Generative AI - 46079

Location: Bangalore/Chennai

Experience : 4 to 12 years

Mandatory Skills

Gen AI, LLM, ML/DL/NLP, RAG, Lang chain, Llama, Hugging Face, Python, Tensorflow, Pytorch, Django, Vector DB

Preferred Skills

Azure/AWS, MLOps, Kubernetes, GitHub/Bitbucket, GPT-4, Banking exposure

Job Description / Roles & Responsibilities (in Detail)

• Strong understanding of machine learning and deep learning principles and algorithms.

• Experience in developing and implementing generative AI models and algorithms.

• Proficiency in programming languages such as Python, TensorFlow, and PyTorch.

• Ability to work with large datasets and knowledge of data preprocessing techniques.

• Familiarity with natural language processing (NLP) and computer vision for generative AI applications.

• Experience in building and deploying generative AI systems in real-world applications.

• Utilize advanced machine learning techniques to develop and train generative AI models.

• Collaborate with cross-functional teams to groom and preprocess large datasets for model training.

• Research and implement cutting-edge algorithms and architectures for generative AI applications.

• Working on prompt design, prompt template creation, prompt tuning/optimization for various GenAI base models

• Stakeholder management across business and domains as required for the projects

• Evaluating base models and benchmarking performance

• Implement prompt guardrails to prevent attacks like prompt injection, jail braking and prompt leaking

• Develop, deploy and maintain auto prompt solutions

• Design and implement minimum design standards for every use case involving prompt engineering

• Writing reusable, testable, and efficient code using Python

• Design and implementation of low-latency, high-availability, and performant applications",https://in.linkedin.com/jobs/view/gen-ai-46079-at-wipro-4180085116?utm_campaign=google_jobs_apply&utm_source=google_jobs_apply&utm_medium=organic,
AI/GenAI Architect,Wipro,"Pune, Maharashtra, India","About Wipro

Wipro is a global leader in technology and consulting, committed to driving innovation and transformation for businesses worldwide. We focus on delivering impactful solutions that harness the power of AI and data to create value for our clients.

Job Description

As an AI/GenAI Architect, you will play a critical role in shaping the AI strategy and solutions at Wipro. You will collaborate with various stakeholders to design and implement advanced AI architectures that meet business objectives and drive innovation.

Key Responsibilities
• Collaboration. Work closely with Business Units and stakeholders to understand their goals and determine AI requirements.
• Design and Development. Create and develop AI architectures, frameworks, and algorithms for large-scale, sophisticated AI solutions.
• Technology Evaluation. Assess and select the appropriate AI technologies, tools, and frameworks to ensure optimal performance, accuracy, and scalability.
• Model Implementation. Oversee the development and implementation of AI models, adhering to best practices in machine learning and deep learning.
• AI Pipelines. Build and maintain AI pipelines, encompassing data cleaning, pre-processing, feature engineering, model training, and validation.
• Code Reviews. Conduct regular code reviews and provide technical guidance to junior team members.
• Continuous Learning. Stay current with the latest advancements in AI technologies and frameworks, identifying opportunities for their application.
• Deployment Collaboration. Work with infrastructure teams to ensure smooth deployment and monitoring of AI models in production environments.
• Documentation. Document AI architectures, design decisions, and technical specifications for future reference and knowledge sharing.

Qualifications
• Education. Bachelor’s or Master’s degree in Computer Science, Artificial Intelligence, or a related field.
• Experience. Proven experience as an AI Technical Lead or Architect, with a strong understanding of machine learning, deep learning, and natural language processing (NLP).
• LLMs Expertise. Experience with large language models (LLMs), model training, evaluation, and performance benchmarking.
• Programming Proficiency. Strong skills in programming languages such as Python, Java, or C++, and familiarity with AI libraries (e.g., TensorFlow, PyTorch, Keras).
• Large-Scale Solutions. Experience in designing and implementing comprehensive AI solutions, covering data ingestion, storage, processing, and deployment.
• Cloud Platforms. Good understanding of cloud computing platforms (AWS, Azure, Google Cloud) with hands-on experience deploying AI models.
• Problem-Solving Skills. Excellent analytical skills to decompose complex problems into actionable components.
• Communication. Strong communication and teamwork abilities, capable of collaborating within multi-functional teams.
• Ethical Considerations. Knowledge of ethical considerations and responsible AI practices is a plus.

Why Join Wipro?
• Innovative Environment. Be part of a forward-thinking company that values creativity and innovation.
• Career Development. Access to continuous learning opportunities and professional growth.
• Diversity and Inclusion. Join a diverse team where your ideas and contributions are valued.
• Global Impact. Work on projects that make a difference in various industries around the world.

Join Wipro and contribute to the development of cutting-edge AI solutions that empower businesses and improve lives.

Apply Now!",https://web3universe.today/job/ai-genai-architect/?utm_campaign=google_jobs_apply&utm_source=google_jobs_apply&utm_medium=organic,
GenAI/AI/ML,Wipro,"West Bengal, India","Dear Candidate,

Wipro is seeking a highly motivated individuals to join our dynamic team. In this role, We are looking for a passionate individual who can meet our requirement and to contribute to our growing success.

Primary Skill: GenAI/AI/ML
Exp: 8 to 15 yrs
Location : Kolkata

JD:

Total 8+ years of experience with designing and implementing AI/ML model, out of which minimum 2+ years on implementing GenAI based solutions.
Strong implementation expertise around foundation models like computer vision models (ResNet, EfficientNet, YOLO) and Generative Model Transformers (GANs, VAEs) to augment the intelligence of low latency predictive algorithms.
Experience in development and deployment of Models in battery powered Compute Devices having GPUs/TPUs/NPUs accelerators for offline training and inferencing.
Experience with deploying and fine tuning Large Multi-modal models with capability of audio synthesis, generative image and video.
Conversant with Quantization, Speculative Decoding, Kernel Fusion, CoT, RAG, PeFT.
Conversant with model evaluation techniques and benchmarks.
Conversant with design, develop, and optimize data pipelines for ingesting, processing, and transforming large-scale data from various sources (structured and unstructured).
Create and maintain data models that align with ML requirements.
Deploy ML models (Computer Vision, NLP) into production systems and operationalize MLOps.
Knowledge of ML frameworks (TensorFlow, PyTorch, OpenCV) and familiarity with deep learning concepts is a must.
Experience with cloud platforms (e.g., AWS, GCP, Azure) and containerization (Docker, Kubernetes).
Strong proficiency in Python, SQL, and ETL tools (e.g., Apache Spark, Airflow).

Interested candidate can apply or send the resume to with below details
CTC
ECTC
NP
Preferred Work Location:

Regards,
Vivek",https://en-in.whatjobs.com/gfj/99211466?utm_campaign=google_jobs_apply&utm_source=google_jobs_apply&utm_medium=organic,
"Data Scientist​/Python, GenAI",Wipro,"Bengaluru, Karnataka, India","Position: Data Scientist (Python, GenAI)
Title:

Data Scientist (Python, GenAI)
Type: Hybrid (3 Days Office)
Location - Bangalore, Hyderabad, Chennai, Pune, Kolkata
(PAN India Wipro ODC also acceptable).

Job Description:

Mandatory

Skills: Python, Gen AI, AWS/GCP Cloud, NLP

• Looking for 6+ years of total experience.

• 5+ years of experience in Python using common data science libraries such as scikit-learn and Databricks

• 3+ years of experience applying NLP (transformers, gpt, etc) in a production setting using large amounts of data

• 2-3 years of experience applying LLMs (RAG, vector db, embed dings) to solve real world problems

• Experience applying data science techniques in a commercial enterprise, including supervised, unsupervised learning, NLP, time-series forecasting and other statistical analyses

• Experience building APIs for the models

• Strong written & verbal communication skills; including the ability to present detailed analyses to a broad audience

• Organized self-starter, with drive and commitment; able to work with little supervision

• Strong analytical, quantitative, problem-solving, and critical thinking skills
Experience using vision and speech models in GenAI",https://www.learn4good.com/jobs/bangalore/india/info_technology/4040093215/e/?utm_campaign=google_jobs_apply&utm_source=google_jobs_apply&utm_medium=organic,
"Data Scientist (Python, GenAI) | (LER-694)",Wipro,Anywhere,"Title: Data Scientist (Python, GenAI) Type:

Hybrid (3 Days Office) Location

- Bangalore, Hyderabad, Chennai, Pune, Kolkata (PAN India Wipro ODC also acceptable).

Job Description:

Mandatory Skills: Python, Gen AI, AWS/GCP Cloud, NLP

• Looking for 6+ years of total experience. • 5+ years of experience in Python using common data science libraries such as scikit-learn and Databricks • 3+ years of experience applying NLP (transformers, gpt, etc) in a production setting using large amounts of data • 2-3 years of experience applying LLMs (RAG, vector db, embeddings) to solve real world problems • Experience applying data science techniques in a commercial enterprise, including supervised, unsupervised learning, NLP, time-series forecasting and other statistical analyses • Experience building APIs for the models • Strong written & verbal communication skills; including the ability to present detailed analyses to a broad audience • Organized self-starter, with drive and commitment; able to work with little supervision • Strong analytical, quantitative, problem-solving, and critical thinking skills Experience using vision and speech models in GenAI",https://www.kitjob.in/job/114121354/data-scientist-python-genai-ler-694-bengaluru/?utm_campaign=google_jobs_apply&utm_source=google_jobs_apply&utm_medium=organic,
GENAI Engineer – CANVAS AI,LTIMindtree,"Hyderabad, Telangana, India","About LTIMindtree

LTIMindtree is a global technology consulting and digital solutions company that enables enterprises across industries to reimagine business models, accelerate innovation, and maximize growth by harnessing digital technologies. With a workforce of over 10,001 employees, LTIMindtree is committed to creating value for its customers through innovative solutions and cutting-edge technology.

About Canvas.ai

Canvas.ai is an advanced Enterprise GenAI Enablement and Acceleration Platform designed to expedite the deployment and management of Generative AI applications. The platform comes with built-in use cases and offers features such as guardrails, governance, content hub, access controls, and rate-limiting, which help enterprises accelerate their AI initiatives for both internal and external applications.

Job Description

As a GENAI Engineer for Canvas.ai at LTIMindtree, you will play a crucial role in developing and executing marketing strategies for our generative AI products and solutions. You will be responsible for creating compelling product positioning and messaging collateral, supporting marketing campaigns, and engaging with top internal stakeholders. Your role will also involve guiding junior team members and managing platform integrations with hyperscalers.

Key Responsibilities
• Marketing Strategy. Develop and execute marketing strategies for generative AI products and solutions.
• Product Positioning. Create product positioning and messaging collateral.
• Content Creation. Produce marketing content for product launches, events, and sales enablement. Support marketing campaigns and programs.
• Stakeholder Engagement. Evangelize the platform among top internal stakeholders, conduct demos, and collect feedback.
• Product Management. Prepare product feature prioritization based on impact, rollout plans, and identify top use-cases to target in each vertical.
• Team Collaboration. Collaborate with cross-functional teams and guide junior team members.
• Platform Integration. Manage platform integrations with hyperscalers and other partners.
• Event Management. Manage key digital and physical events.
• Content Writing. Write and edit content such as case studies, videos, website copy, and blog posts.

Qualifications

Experience
• Minimum of 2 years of product/solution marketing/management experience.
• At least 2 years of experience with software platforms (knowledge of AI is a plus).
• Data Science / Analytics experience is desirable.

Skills
• Strong written and oral communication skills.
• Excellent interpersonal skills for interactions with colleagues, customers, and cross-functional teams.
• Program Management skills are a plus.

Desired Skills and Experience
• Experience in marketing and managing software platforms.
• Strong understanding of AI and data science concepts.
• Ability to produce high-quality marketing content.
• Strong project management and organizational skills.
• Ability to work collaboratively with cross-functional teams.

How to Apply. If you meet the qualifications and are excited about the opportunity to work with a cutting-edge generative AI platform, we encourage you to apply. Please submit your resume and a cover letter detailing your experience and why you would be a great fit for this role.",https://web3universe.today/job/genai-engineer-canvas-ai/?utm_campaign=google_jobs_apply&utm_source=google_jobs_apply&utm_medium=organic,
AI Assurance Architect Opening |Pune/Mum/Kolkata/Chennai/Noida/Bang|10-16Yrs with GenAi/AI (4+ Yrs),LTIMindtree,"Chennai, Tamil Nadu, India","AI Assurance Architect

Objective : Oversee development testing strategies and framework for AI led solutions.

Experience : 10 - 15 Yrs |

GenAi/AI Exp : 4+ Years

Location :Pune/Mum/Kolkata/Chennai/Noida/Bangalore

NP: Immediate -60 days

Skills :

AI Expertise

In-depth understanding of artificial intelligence, machine learning, and deep learning concepts.

Knowledge of various AI frameworks, libraries, and tools (e.g., TensorFlow, PyTorch).

Testing Methodologies

Proficiency in designing and implementing testing methodologies specific to AI models and algorit

hms.Experience in testing different types of AI models, including supervised and unsupervised learning.

Data Quality Assurance

Expertise in assessing and ensuring the quality of training data for AI models. Familiarity with data preprocessing and cleaning techniques to enhance model performance.

Automation and Tooling

Strong skills in developing automation scripts using any of the Open-source tools for AI applications. Familiarity with specialized AI testing tools and frameworks.

Performance and Scalability Testing

Experience in assessing and optimizing the performance and scalability of AI

models. Ability to simulate various scenarios to evaluate AI model behaviour under different conditions.

Ethical AI Practices

Knowledge of ethical considerations in AI and the ability to implement testing practices that align with responsible AI principles.

Collaboration

Effective collaboration with senior stakeholders, cross-functional teams

Regulatory Compliance

Awareness of regulations and standards related to AI, ensuring testing practices comply with relevant guidelines.

Problem-Solving Skills

Strong analytical and problem-solving abilities to identify and address challenges in AI testing.

Team Building

Experience of building technology testing capability from scratch

Interested can share their profiles on jigishaben.biradar@ltimindtree.com with below require details
• Total Exp:
• Rel. Exp in Artificial intelligence:
• Rel. Exp in machine learning, and deep learning concepts:
• Rel. Exp in assessing and optimizing the performance and scalability of AI models:
• Rel Exp in TensorFlow, PyTorch:
• Rel Exp as Architect
• Current CTC:
• Exp CTC:
• Official NP:
• Are you serving NP? Yes/No (if yes put LWD) :
• Current Location:
• Pref. Location:
• Holding any Offer?Yes/No:
• Current Company Name:",https://in.linkedin.com/jobs/view/ai-assurance-architect-opening-pune-mum-kolkata-chennai-noida-bang-10-16yrs-with-genai-ai-4%2B-yrs-at-ltimindtree-4156192459?utm_campaign=google_jobs_apply&utm_source=google_jobs_apply&utm_medium=organic,
AI Assurance Lead |Pune/Mum/Kolkata/Chennai/Noida/Bang|6-8 Yrs with GenAi/AI (2+ Yrs),LTIMindtree,"Bengaluru, Karnataka, India","Greetings from LTIMindtree!!!

Opening for AI Assurance lead profiles

Objective : Oversee development testing strategies and framework for AI led solutions.

Experience : 6 - 8 Yrs | GenAi/AI Exp : 2+ Years

Mandatory Skills : artificial intelligence, machine learning, deep learning concepts, TensorFlow, PyTorch,Python, NLP etc

Location : PAN India

Exp:6-11 yrs (For Lead) | GenAi/AI Exp : 2+ Years

NP: max 60 days(Immediate joiners will be preferred )

Skills :

Role Objectives:

Test & Validate the functionality and accuracy of AI-generated outputs

Expectations:

Working closely with the development team to design test cases, execute test scenarios, and identify potential data-related issues in the AI models

Contribute to the enhancement of testing processes and collaborate with cross-functional teams to ensure the overall quality and reliability of GenAI products

Strong analytical skills, attention to detail, and a keen understanding of data quality standards

Responsibility:

Develop and execute test plans for evaluating the functional performance of GenAI models

Analyse AI-generated outputs to identify discrepancies, inaccuracies, or unexpected behaviour.

Collaborate with SMEs and engineers to reproduce and debug identified issues.

Document and communicate test results,

Skills:
• Experience in software testing and Test Automation, with a focus on data validation
• Familiarity with data quality standards and best practices
• Experience with ML, deep learning, TensorFlow, Python, NLP
• Experience in applying AI to practical and comprehensive technology solutions
• Knowledge of programming languages and scripting on any one automation tool
• Experience in REST API development, NoSQL database design, and RDBMS design and optimizations
• Strong analytical and problem-solving skills
• Excellent communication and collaboration abilities

Interested can share their profiles on jigishaben.biradar@ltimindtree.com with below require details
• Total Exp:
• Rel. Exp in Artificial intelligence:
• Rel. Exp in machine learning, and deep learning concepts:
• Rel. Exp in assessing and optimizing the performance and scalability of AI models:
• Rel Exp in TensorFlow, PyTorch:
• Rel Exp as Lead:
• Max Team size handled as of now:
• Current CTC:
• Exp CTC:
• Official NP:
• Are you serving NP? Yes/No (if yes put LWD) :
• Current Location:
• Pref. Location:
• Holding any Offer?Yes/No:
• Current Company Name:",https://in.linkedin.com/jobs/view/ai-assurance-lead-pune-mum-kolkata-chennai-noida-bang-6-8-yrs-with-genai-ai-2%2B-yrs-at-ltimindtree-4164760646?utm_campaign=google_jobs_apply&utm_source=google_jobs_apply&utm_medium=organic,
AIML/Gen AI Architect,Cognizant,"Chennai, Tamil Nadu, India","AIML/Gen AI Arhitect

Roles and responsibilities:
• Partner with account and sales teams to understand client requirements and develop customized AIML & GenAI solutions that address their business objectives
• Engage with existing and prospective clients to present AIML based technical solutions and platform/product demonstrations
• Lead the technical response to AIML and GenAI related RFPs/RFIs and present the technical solution in customer orals (both In-Person/Virtual)
• Architect and design advanced analytical applications such as Forecasting, Prediction, Segmentation, Optimization, Computer Vision, Speech, and Text Analytics leveraging appropriate AIML tools & technologies across major cloud platform (Azure/AWS/GCP)
• Design GenAI based solution to augment existing AIML applications and build new capabilities to address customer problems (First Party, Third Party and Open Source LLMs)
• Act as the primary technical PoC for customers to implement ""Responsible AI"" practices across the organization
• Stay up to date with latest industry trends/emerging technologies in AI and provide thought leadership to senior management and CxO teams
• Provide technical advisory & guidance to customer, pre-sales, and delivery teams on AIML/GenAI platforms and solutions

Required Skills
• Excellent verbal and written communication skills with ability to present complex AIML concepts to technical and executive audience (leveraging PPTs, Demos and Whiteboard)
• Deep expertise in designing AIML and GenAI solutions on at least 1 major cloud platform (Azure, AWS and GCP)
• Strong expertise in handling large and complex RFPs/RFIs and collaborating with multiple service lines & platform vendors in a fast-paced environment
• Strong relationship building skills and ability to provide technical advisory and guidance
• Minimum 10 years’ experience as Solution Architect designing and developing AIML applications
• Minimum 1-year hands-on experience in building GenAI applications leveraging Large Language models
• Minimum 3 years’ experience as Solution Architect in pre-sales team driving the sales process from a technical solution standpoint
• Bachelor’s or Master’s degree in computer science, engineering, information systems or a related field",https://in.linkedin.com/jobs/view/aiml-gen-ai-architect-at-cognizant-4182567893?utm_campaign=google_jobs_apply&utm_source=google_jobs_apply&utm_medium=organic,
GenAI Architect,HCLTech,"Noida, Uttar Pradesh, India","HCLs Engineering & R&D Services is at the cutting edge of technological innovation, dedicated to delivering advanced services and solutions that empower businesses. We are looking for passionate and creative individuals to join our team and contribute to the exciting journey of integrating Generative AI (GenAI) into our service offerings.

Position: GenAI Specialist/Architect

Location : PAN India

As a GenAI Enablement Specialist, you will play a crucial role in shaping the future of our services. You will collaborate closely with cross-functional teams to identify opportunities for GenAI integration, develop innovative solutions, and drive the adoption of these technologies across our organization.

Key Responsibilities:
Identify opportunities for integrating GenAI into our service offerings and rearchitect existing internal and customer systems to leverage GenAI and AI technologies.
Develop innovative GenAI solutions in collaboration with cross-functional teams and customers.
Drive the adoption of GenAI technologies across the organization.
Identify opportunities for integrating GenAI into our testing /V&V service offerings and re-architect existing internal and customer systems and solutions to leverage GenAI and AI technologies.
Develop innovative GenAI based test solutions in collaboration with cross-functional teams and customers.
Drive the adoption of GenAI technologies across the organization for testing.

Skills and Qualifications:
15+ years of total experience
Extensive hands on experience on GenAI or AI/ ML architecture and implementations for Test Automation / Accelerators / V&V Projects.
Test Automation experience- Architecture, Development Experience with Web, Mobile, Cloud, API, embedded automation testing and frameworks like Selenium, Appium, Cucumber, TestNG and in home grown Automation Accelerators.
Manual testing Have strong fundamental knowledge of TDLC and different types of testing performed, proficient in manual testing of product/applications testing, create test approach/plan
Use case identification- Collaborate with clients and partners to identify and understand specific use cases where test automation solutions can provide tangible benefits. Work closely with product teams to align solutions features with market need and client requirements.
Consultancy : To assess / lead the QA assessment team to understand the Customers Testing AS-IS status and come up with recommendations to meet their GenAI adoption objectives or identify opportunities for the adoption of its testing solutions / accelerators / platforms / tools.
Domain Expertise: Proven experience in one or more of the following domains: software/product engineering, aerospace, automotive, digital manufacturing, life sciences, semiconductor, telecommunications, quality assurance, or field support.
Technical Proficiency: Solid understanding of Python, natural language processing, machine learning, vector databases, analytics, image processing, and the underlying technologies powering large language models.
LLM Skills: Strong foundation in large language models (LLMs) for both online and offline models (e.g., LLaMA2, Mistral, or similar base LLMs on Huggingface). Solid understanding of various fine-tuning and retrieval-augmented generation (RAG) techniques used on base LLM models.
Cloud Services: Experience with cloud platforms like AWS, Azure, or Google Cloud for deploying and managing data infrastructure both in public and private modes.
Data Preprocessing & ETL Tools: Skills for extracting meaningful information from large datasets, managing structured, semi-structured, and unstructured data, data wrangling, and feature engineering for GenAI applications. Hands-on experience with ETL tools like Apache NiFi, Talend, and Apache Airflow.
Containerization and CI/CD: Knowledge of containerization technologies (e.g., Docker, Kubernetes) including setting up CI/CD pipelines or deploying GenAI solutions in existing ones. Experience with deploying and orchestrating GenAI solutions in scalable production environments.
Communication & Presentation Skills: Excellent verbal and written communication skills, with the ability to convey technical concepts clearly and accessibly. Experience in delivering compelling presentations to both technical and non-technical audiences.
Content Creation Tools: Proficiency in tools for creating visually appealing and informative content, such as presentation software and document editors.
Flexibility: Ability to adapt to a dynamic environment, staying agile and responsive to evolving market needs.
Outcome-Oriented: Experience working toward measurable outcomes, with success metrics such as adoption rates, impact on key performance indicators, or efficiency improvements.
Industry Experience: Preference for candidates with substantial experience in GenAI, AI/ML, or similar fields, especially those with a record of successful large-scale GenAI implementations.
Training: Ability to train resources in GenAI tools and technologies based on solutions developed in-house or COTS for production usage.
Evangelization: Promote the adoption of our GenAI solutions across customer and delivery teams for production use.
Pilot/POCs: Develop or drive the development/customization of Pilot/POCs to meet customer requirements.
Consultancy: Assess or lead the assessment team to understand the customers current status and provide recommendations to meet their GenAI adoption objectives.,",https://www.shine.com/jobs/genai-architect/hcltech/16595732?utm_campaign=google_jobs_apply&utm_source=google_jobs_apply&utm_medium=organic,
Gen AI-PM,HCLTech,"Noida, Uttar Pradesh, India","• *Job Summary:**

We are seeking a seasoned professional to lead our Gen AI Advisory efforts. This role will be responsible for creating collateral, managing programs, and tracking progress metrics.

The ideal candidate will have strong communication and leadership skills, with the ability to collaborate across teams and drive strategic initiatives forward.

Key Responsibilities:
• Collateral creation and program management of initiatives
• Tracking program progress across multiple initiatives
• Evaneglizing GenAI and fostering training, adoption, and enhancing productivity using AI Led tooling
• Engaging CXO's and developing AI roadmaps

Requirements:
• Senior leader and strategist experience
• Knowledge of MEGA vertical / domain (Manufacturing, Energy, Government, and Aero & Defense)

Working Style:

This role requires collaboration across different teams (Labs, data scientists, AI Engineers, Business stakeholders) to drive the GenAI charter. Strong communication and leadership skills are essential to succeed in this position.",https://in.bebee.com/job/b3c265ba16ecf2530794cab3f79200f0?utm_campaign=google_jobs_apply&utm_source=google_jobs_apply&utm_medium=organic,
Consultant/Senior Consultant  Business Consulting (AIML/GenAI) | AIX  AI Transformation Consulting,Infosys Consulting,"Maharashtra, India","Consultant/Senior Consultant - Business Consulting Infosys Global Consulting Practice AI Transformation Consulting, India We are looking for a highly qualified and experienced AI Consultant/Senior Consultant with Python, Machine Learning, Data Science, and Statistics knowledge. The ideal applicant will have a solid background in Generative AI, Natural Language Processing (NLP), and conversational chatbot development. Furthermore, knowledge of LangChain, employing LLMs, and skill in cloud systems such as GCP or AWS are necessary. The candidate should also have a basic grasp of application deployments utilising frameworks such as Flask, Django, and FastAPI. You will be part of a learning culture, where teamwork and collaboration are encouraged, excellence is rewarded, and diversity is respected and valued. As a AI Consultant/Senior Consultant, your responsibilities will include the following: Create, test, and deploy AI/generative AI models Using your knowledge of Generative AI, Python, Machine Learning, Data Science, and Statistics to create cutting-edge solutions for our clients. Using NLP methods, LangChain, and LLMs to create conversational chatbots and language models suited to the needs of our clients. Working with cross-functional teams to build and deploy advanced artificial intelligence models and algorithms. Providing technical knowledge and thought leadership in the fields of Generative AI and Natural Language Processing (NLP) to assist clients in implementing AI-driven solutions. Performing data analysis, preprocessing, and modelling to extract useful insights and promote data-driven decision-making. Qualifications Masters or Bachelors degree in Computer Science, Data Science, or a related field MBA optional but good to have Minimum of 5+ years of relevant professional experience in Python, Machine Learning/Deep Learning, Data Science, and Statistics. Strong expertise in NLP, Generative AI concepts, LangChain, Other alternative LLM frameworks and conversational chatbots. Should have strong knowledge and experience in working with Deep Learning projects using CNN, GAN, Transformers, Encoder and decoder algorithms or any other image generation and classification use cases. Familiarity with LLMs (Large Language Modeling) and their applications. Solid programming skills in Python and experience with relevant libraries and frameworks (e.g., TensorFlow, PyTorch, scikit-learn). Experience in developing web applications using frameworks such as Flask, Django, and FastAPI. Excellent communication, presentation, and documentation skills. Strong problem-solving abilities and a proactive attitude towards learning and adopting new technologies. Ability to work independently, manage multiple projects simultaneously, and collaborate effectively with diverse stakeholders. Mandatory skills: Machine Learning, Deep learning, Generative AI, Python NLP, Generative AI, Chatbot, any cloud knowledge like GCP/AWS Good-to-have Skills: Probability and Statistics, JavaScript, Optimization Techniques, Research and Problem-Solving Domain Expertise in FSI, Retail, Manufacturing, Life Science About Infosys Consulting Infosys Consulting is a global management consulting firm helping some of the worlds most recognizable brands transform and innovate. Our consultants are industry experts who lead complex change agendas driven by disruptive technology. With offices in 20 countries and backed by the global Infosys brands power, our teams help the C-suite navigate todays digital landscape to win market share and create shareholder value for lasting competitive advantage. To see our ideas in action, visit us at www.InfosysConsultingInsights.com. We deliver transformative solutions across Business Transformation, Enterprise Technology Strategy, and Strategy and design domains.,",https://www.shine.com/jobs/consultant-senior-consultant-business-consulting-aiml-genai-aix-ai-transformation-consulting/infosys-consulting/16797769?utm_campaign=google_jobs_apply&utm_source=google_jobs_apply&utm_medium=organic,1 day ago
"▷ Immediate Start: Data Scientist (Python, GenAI)",Wipro,"Bengaluru, Karnataka, India","Title: Data Scientist (Python, GenAI)

Type: Hybrid (3 Days Office)

Location - Bangalore, Hyderabad, Chennai, Pune, Kolkata

(PAN India Wipro ODC also acceptable).

Job Description:

Mandatory Skills: Python, Gen AI, AWS/GCP Cloud, NLP

• Looking for 6+ years of total experience.

• 5+ years of experience in Python using common data science libraries such as scikit-learn and Databricks

• 3+ years of experience applying NLP (transformers, gpt, etc) in a production setting using large amounts of data

• 2-3 years of experience applying LLMs (RAG, vector db, embeddings) to solve real world problems

• Experience applying data science techniques in a commercial enterprise, including supervised, unsupervised learning, NLP, time-series forecasting and other statistical analyses

• Experience building APIs for the models

• Strong written & verbal communication skills; including the ability to present detailed analyses to a broad audience

• Organized self-starter, with drive and commitment; able to work with little supervision

• Strong analytical, quantitative, problem-solving, and critical thinking skills

Experience using vision and speech models in GenAI",https://in.jobrapido.com/jobpreview/851034408059142144?utm_campaign=google_jobs_apply&utm_source=google_jobs_apply&utm_medium=organic,9 days ago
Gen AI Software Engineer,LTIMindtree,"Bengaluru, Karnataka, India","Are you looking for a challenging role that will allow you to leverage your skills in AI and ML?

LTIMindtree is seeking a highly skilled Machine Learning Expert to join their team.

The ideal candidate will have a strong background in machine learning algorithms and experience in developing AI-powered solutions.

Responsibilities:
• Design and develop AI-powered solutions using Python and GenAI.
• Collaborate with cross-functional teams to design and implement AI-driven products.
• Stay up-to-date with the latest advancements in AI and ML technologies.

Requirements:
• Strong background in machine learning algorithms.
• Experience in developing AI-powered solutions.
• Proficiency in Python and GenAI.

What We Offer:

• Competitive salary and benefits package.

• Opportunity to work on cutting-edge AI projects.

• Collaborative and dynamic work environment.",https://in.bebee.com/job/72074103970dd0f29f7a44e366862f66?utm_campaign=google_jobs_apply&utm_source=google_jobs_apply&utm_medium=organic,18 hours ago
Senior Specialist (GenAI Devops),LTIMindtree,"Chennai, Tamil Nadu, India","Hiring for Senior Specialist

Experience: 8 to 11 Years

Location: PAN India

Documentation Maintain detailed documentation of prompt engineering processes experiments and outcomes

Training and Support Provide training and support to teams on designing and refining prompts for various applications

Technical Skills

o Proficiency in Python programming

o Experience with AIML frameworks (eg :TensorFlow PyTorch)

o Familiarity with cloud platforms (eg :AWS/ Azure)

o Experience with LLMs such as Open AIs GPT Bedrock AI or Gemini

Experience Prior experience in AIML projects particularly with LLMs and generative models

Analytical Skills Strong analytical and problem-solving skills with the ability to interpret complex data and derive actionable insights

Communication Skills Excellent verbal and written communication skills with the ability to explain technical concepts to nontechnical stakeholders

Preferred Qualifications

Advanced Knowledge Deep understanding of LLM architectures and prompt engineering techniques

Creativity Ability to think creatively and explore innovative solutions to complex problems

Ethical Considerations Awareness of ethical considerations in AI including bias mitigation and responsible AI practices

Additional Skills Experience with SQL NoSQL databases and AWS services like S3 Lambda Glue and RDS,",https://www.shine.com/jobs/senior-specialist-genai-devops/ltimindtree/16558117?utm_campaign=google_jobs_apply&utm_source=google_jobs_apply&utm_medium=organic,
Cloud and AI Engineer,HCLTech,"Noida, Uttar Pradesh, India","Job Title. Cloud and AI Engineer

Position Summary

The Cloud and AI Engineer with GenAI expertise is responsible for developing advanced technical solutions by integrating cutting-edge generative AI technologies. This role requires a profound understanding of modern technical and cloud-native practices, AI, DevOps, and machine learning technologies, with a particular focus on generative models. You will support a wide range of customers through the “Ideation to MVP” journey.

Key Responsibilities
• GenAI Solutions Development. Leverage GenAI technologies to develop solutions that enhance system functionality and scalability within cloud-native architectures.
• Application Design & Implementation. Lead the design and integration of GenAI-driven applications with microservices and container-based environments.
• Modern Cloud Environments. Create solutions optimized for public, private, and hybrid clouds using modern microservice and container-based environments.
• Thought Leadership. Contribute to HCL’s thought leadership in the Cloud Native domain, especially around open-source technologies (e.g., Kubernetes/CNCF) and partner technologies.
• Collaboration. Work on joint technical projects with partners including Google, Microsoft, AWS, IBM, Red Hat, Intel, Cisco, and Dell/VMware.
• Innovation to MVP. Engineer innovative GenAI solutions from ideation to MVP, ensuring high performance and reliability within cloud-native frameworks.
• AI Model Optimization. Optimize AI models for cloud deployment, balancing efficiency and effectiveness to meet client requirements and industry standards.
• Technical Assessments. Evaluate existing complex solutions and recommend cloud-native/12-factor transformation strategies.
• Solution Refactoring. Refactor existing solutions to implement microservices-based architectures.
• GenAI Adoption. Drive the adoption of cutting-edge GenAI technologies within cloud-native projects, leading initiatives that expand AI integration in cloud services.
• Technical Innovation. Engage in technical innovation, maintaining HCL’s industry leadership.

Industry Contributions: Author whitepapers, blogs, and speak at industry events.
• Mentorship. Maintain hands-on technical credibility, stay ahead of industry trends, and mentor others.
• Expert Guidance. Provide expert guidance to clients on integrating GenAI and machine learning into cloud-native systems, ensuring best practices and strategic alignment.
• Educational Workshops. Conduct workshops and briefings to educate clients on GenAI benefits and applications, fostering strong, trust-based relationships.
• Trusted Advisor. Serve as a trusted advisor on technical projects (PoCs and MVPs), emphasizing technical excellence and timely delivery.

Mandatory Skills & Experience
• Development Experience. 5+ years in Python, Java (and/or Golang), and Spring programming, comfortable working in a paired/balanced team.
• Software Development. Minimum 5 years of experience, with exposure to AI/ML technologies.
• GenAI Frameworks Expertise. Proficient with GenAI frameworks and libraries such as LangChain, OpenAI API, Gemini, and Hugging Face Transformers.
• Prompt Engineering. Experience designing and optimizing prompts for AI models to achieve desired outputs.
• NLP Techniques. Strong understanding of NLP techniques and tools, including tokenization, embeddings, transformers, and language models.
• Cloud-Native Technologies. Extensive experience with cloud-native technologies, including container-based, microservices-based approaches, and 12-factor principles.
• Communication Skills. Exemplary verbal and written communication skills in English.
• Mindset. Positive and solution-oriented.
• Agile Experience. Solid experience delivering Agile and Scrum projects in a Jira-based environment.

Desired Skills & Experience
• MLOps. Experience in deploying, monitoring, and maintaining AI models in production using ML Ops practices.
• Data Engineering. Skilled in data preprocessing, feature engineering, and creating pipelines for AI models.
• AI Model Fine-Tuning. Proficiency in fine-tuning pre-trained models on specific datasets for specialized tasks.
• AI Ethics & Bias Mitigation. Knowledgeable about ethical considerations in AI and strategies to mitigate bias.
• Vector Databases & LLMs. Knowledge of vector databases, LLMs, SMLs, and their integration.
• Cloud-Native Technologies Proficiency. Proficient with Kubernetes and commercial Kubernetes distributions (e.g., Red Hat Open Shift, VMware Tanzu, Google Anthos, Azure AKS, Amazon EKS, Google GKE).
• Core Practices. Deep understanding of DevOps, SRE, Agile, Scrum, XP, Domain-Driven Design, and familiarity with the CNCF open-source community.
• Certifications. Multiple cloud and technical certifications at a professional level, ideally including AI/ML specializations from providers like Google, Microsoft, AWS, Linux Foundation, IBM, or Red Hat.

About Us

HCL Cloud Native & AI Labs is the global Centre of Excellence guiding the application of advanced technologies. We lead the way for clients and HCL employees worldwide, engaging with the world’s largest enterprises for strategic advice, accelerated engineering, and industry thought leadership. As industry leaders in cloud-enabled transformation, we sponsor industry bodies like the Cloud Native Computing Foundation (CNCF) and successfully deploy emerging technologies.",https://web3universe.today/job/cloud-and-ai-engineer/?utm_campaign=google_jobs_apply&utm_source=google_jobs_apply&utm_medium=organic,
Senior GenAI Engineer Position,Cognizant,"Sydney NSW, Australia","Job Overview

We're looking for a highly skilled Senior GenAI Software Engineer to join our team in Sydney or Melbourne. As a key member of our team, you'll be responsible for designing and implementing cloud-based software architectures using Azure and AWS, ensuring best practices and mandatory requirements are met.

Key Responsibilities:
• Designing and implementing software components that integrate with generative AI models and applications
• Integrating advanced generative AI models such as large language models (LLMs) and Transformers to address specific business needs
• Developing cutting-edge solutions that leverage the power of generative AI to solve complex business problems
• Collaborating with data scientists, machine learning engineers, and product managers to ensure successful delivery of generative AI projects

About You:

We're looking for someone with a strong foundation in software engineering principles and a deep understanding of generative AI concepts. This includes experience with full-stack development skills, proficiency in programming languages such as Python, Typescript, Java, or C++, as well as experience with front-end and back-end development frameworks.

Required Skills and Qualifications:
• Strong full-stack development skills
• Experience with front-end and back-end development frameworks
• Expertise in generative AI
• Cloud platform experience
• Machine learning frameworks",https://au.trabajo.org/job-3046-2aac664440ab0787ea120a070536bf59?utm_campaign=google_jobs_apply&utm_source=google_jobs_apply&utm_medium=organic,2 days ago
Customer Service Advisor,Department of Transport and Main Roads,Australia,We are looking for a customer service professional who can positively contribute to the operations of the Gayndah QGAP Office.,https://www.seek.com.au/job/82669270?type=standard&ref=search-standalone&origin=cardTitle#sol=4d59dc4493619635a5a9da7c1ed37ce61b39f1a6,
Service Planning Officer,Metro Tasmania Pty Ltd,Australia,Are you ready to be a part of exciting implementations as a Service Planning Officer that will progress Metro into the future?,https://www.seek.com.au/job/82824216?type=standard&ref=search-standalone&origin=cardTitle#sol=8e2a0ae116f5a35bf3ccd45845925f5b565749a0,
Dump Truck Operators - CAT 777,Lucas Total Contract Solutions,Australia,Lucas TCS are currently seeking skilled 777 CAT Dump Truck operators to join our team at Mindarie Mineral Sands Mine. Apply today!,https://www.seek.com.au/job/82894989?type=standard&ref=search-standalone&origin=cardTitle#sol=2510f5b0f6805dd65e25b2ececb9a793b5d243da,
Service Planning Officer,Metro Tasmania Pty Ltd,Australia,Are you ready to be a part of exciting implementations as a Service Planning Officer that will progress Metro into the future?,https://www.seek.com.au/job/82823963?type=standard&ref=search-standalone&origin=cardTitle#sol=24acb6dd0a582fa44fd0de0af9997a46da969263,
Customer Service Consultant - Tony White Group Tasmania,Tassie Motors Pty Ltd,Australia,"Engage customers, grow your skills and enjoy access to flexible employment as a part-time or casual Customer Service Consultant with TWG Tasmania",https://www.seek.com.au/job/82820354?type=standard&ref=search-standalone&origin=cardTitle#sol=058d9ba0bf8c4a4611a793e04680212a0e03eecf,
Civil Plant Operators - Remote SA,Lucas Total Contract Solutions,Australia,We have a rare & exciting opportunity for all round civil workers on a 14:7 roster Apply now for this unique off grid project.,https://www.seek.com.au/job/82879463?type=standard&ref=search-standalone&origin=cardTitle#sol=ec102ad7b7f1df95cbb46c0b315ec6055e5dbcd8,
Customer Resolution Consultant,Adica Insurance,Australia,We are looking for a strong Customer Resolution Consultant to join our team.,https://www.seek.com.au/job/82285697?type=standard&ref=search-standalone&origin=cardTitle#sol=e1d14c218074939420a506a6c5138942c128bd42,
Sales & Service Consultant,TSA Group,Australia,Take the next step and build a career in a vibrant workplace!,https://www.seek.com.au/job/82770138?type=standard&ref=search-standalone&origin=cardTitle#sol=5af9a8d63a2e9798c3915b91d7ada23a1b40f0ab,
Customer Service Representative,Toyota Finance Australia,Australia,Toyota Finance Australia has an opportunity for a Customer Support Representative to join our team.,https://www.seek.com.au/job/82337389?type=standard&ref=search-standalone&origin=cardTitle#sol=37fc6309876076fb90a52472d11ad6e71b80052d,
Service Advisor,RACWA,Australia,"Join RAC for a rewarding career with great benefits, career growth, and a supportive team, all while making a difference for our members.",https://www.seek.com.au/job/82933646?type=standard&ref=search-standalone&origin=cardTitle#sol=5de2d2b5d7a089e39746a852c7b0cb6f4eaf54b8,
GTO Industry Consultant - Bunbury,ATC Work Smart,Australia,"Work with an organisation that makes a difference in the community Small, dedicated and passionate team Competitive salary + vehicle + laptop + phone",https://www.seek.com.au/job/82400178?type=standard&ref=search-standalone&origin=cardTitle#sol=866d32118694cf343165b68e7681d1fb90e851ab,
Repair Authorisation Consultant,Toyota Finance Australia,Australia,Toyota Finance Australia has an opportunity for a Repair Authorisation Consultant to join our team for a 12-month fixed term contract.,https://www.seek.com.au/job/82479464?type=standard&ref=search-standalone&origin=cardTitle#sol=fe272b8f0147129c84892f39c57a027b3672ff8f,
Head of IT,Daniels Donuts,Australia,"Daniel’s Donuts is growing fast, and we’re on the hunt for a Head of IT to sprinkle their expertise across our entire tech landscape!",https://www.seek.com.au/job/82917280?type=standard&ref=search-standalone&origin=cardTitle#sol=f6046c37f03258fa908d634d3351d2b39e80fea0,
IT Systems Support,RFCS Victoria West,Australia,Join a purpose-driven organisation where your IT expertise will support regional communities by keeping our systems running smoothly and securely.,https://www.seek.com.au/job/83002865?type=standard&ref=search-standalone&origin=cardTitle#sol=11b321d36b93e0938d0ad505b685d023c3587aee,
IT Assistant - Part Time Fixed Term,Zara,Australia,In this role you will be supporting the IT operations of our 17 stores and corporate team.,https://www.seek.com.au/job/82379113?type=standard&ref=search-standalone&origin=cardTitle#sol=4b07db09d0458d5abbe017db508d55b24a391f0d,
IT Systems Support,RFCS Victoria West,Australia,Join a purpose-driven organisation where your IT expertise will support regional communities by keeping our systems running smoothly and securely.,https://www.seek.com.au/job/83002906?type=standard&ref=search-standalone&origin=cardTitle#sol=1d1a3aeff330b77b3343c53f61f9e1ea9d83acc8,
IT Systems Support,RFCS Victoria West,Australia,Join a purpose-driven organisation where your IT expertise will support regional communities by keeping our systems running smoothly and securely.,https://www.seek.com.au/job/83002792?type=standard&ref=search-standalone&origin=cardTitle#sol=afc780705d9d696fd4d6024eb312ab8fb11eab35,
IT Systems Analyst,Ausfec Limited,Australia,"IT Support, Monitoring Production EDI processes, Communication with stake holders in the order life cycle process",https://www.seek.com.au/job/81969025?type=standard&ref=search-standalone&origin=cardTitle#sol=a0aee9556a142944da06b8e39ff932e6e5df5e30,
Systems Engineer,MICROBOSS,Australia,"Join Microboss as a Systems Integration Engineer! Enjoy stability, career growth & a flexible work environment. Work with cutting-edge IT solutions.",https://www.seek.com.au/job/82402228?type=standard&ref=search-standalone&origin=cardTitle#sol=eaebc3238988ab057936d68cf6d7a08f22b2d397,
Systems Administrator - Part Time,Telegram Co,Australia,Join our team as a Part-Time Systems Administrator. Manage IT issues & keep our systems running smoothly. Flexible hours & a great team await!,https://www.seek.com.au/job/82507934?type=standard&ref=search-standalone&origin=cardTitle#sol=dd7ab6a49f9c584947d61b44c685d54f2377dac4,
IT Consultant,Nexon Asia Pacific Pty Ltd,Australia,An outstanding opportunity has arisen at Nexon Asia Pacific for a IT Consultant to work within our Professional Services Team.,https://www.seek.com.au/job/82945750?type=standard&ref=search-standalone&origin=cardTitle#sol=a98f05f6f4b8bacbf6c6c4b95d805d45a194a72c,
IT Systems Support,RFCS Victoria West,Australia,Join a purpose-driven organisation where your IT expertise will support regional communities by keeping our systems running smoothly and securely.,https://www.seek.com.au/job/83002994?type=standard&ref=search-standalone&origin=cardTitle#sol=6cd9bb319a17f88244ae959df1e6532b27f23bd0,
IT Systems Administrator,Corporate Operation Services Pty Ltd,Australia,"Startup fintech environment, make the role your own. Monthly team lunches + birthday leave.",https://www.seek.com.au/job/82778341?type=standard&ref=search-standalone&origin=cardTitle#sol=a0d303fead5b14a6ba909b13ab834a9dad367c68,
Technical BA (Telecom) - Sydney,AYAN INFOTECH PTY LTD,Australia,"Title: Technical BA (Telecom) Type: Contract (3 months + extension based on performance, can become ongoing) Location: Sydney (Macquarie Park)",https://www.seek.com.au/job/82865792?type=standard&ref=search-standalone&origin=cardTitle#sol=7eeb533de2dc461ec65dec80a8cf2b87bfadaa98,
Systems Analyst,Western Victoria Primary Health Network,Australia,"Join our team & contribute to the support, security, innovation, optimisation, documentation, reporting and training of our ICT & Information Systems.",https://www.seek.com.au/job/82672173?type=standard&ref=search-standalone&origin=cardTitle#sol=708ebeff8498ac8092a4ec0d19d127338bb79556,
Systems and Data Analyst,Morris Finance,Australia,"In this full-time role based in Geelong, you will be part of a growing team of IT professionals.",https://www.seek.com.au/job/82376640?type=standard&ref=search-standalone&origin=cardTitle#sol=b0dab56679b1b001d3a8546c53fe32fa4b33f492,
ERP Systems Analyst,The Network,Australia,"ERP wizard wanted! 12-month adventure analysing systems, solving puzzles, and flexing your tech muscles. Apply today if this sounds like you!",https://www.seek.com.au/job/82898210?type=standard&ref=search-standalone&origin=cardTitle#sol=2e649aafc239f51aef593503e2fa7ab83ac1cab6,
Systems Analyst,Western Victoria Primary Health Network,Australia,"Join our team & contribute to the support, security, innovation, optimisation, documentation, reporting and training of our ICT & Information Systems.",https://www.seek.com.au/job/82672201?type=standard&ref=search-standalone&origin=cardTitle#sol=a60f027d1f5af5892c983f6ea7a0e6014e30f5b4,
IT Systems Support,RFCS Victoria West,Australia,Join a purpose-driven organisation where your IT expertise will support regional communities by keeping our systems running smoothly and securely.,https://www.seek.com.au/job/83003030?type=standard&ref=search-standalone&origin=cardTitle#sol=878b2777be8f2de88431a5e4e2df2d596375c5a0,
Systems/Applications/Data Support Engineer,ETE Group Pty Ltd,Australia,Applications/Systems/Data Support - ASX-Listed Company (NOT Consultancy) - Career Growth - Talented Team - Great Environment: daniel@etegroup.com.au,https://www.seek.com.au/job/82738949?type=standard&ref=search-standalone&origin=cardTitle#sol=e86d8cc6cff456c9847b4d7f2a5cd11959f9da55,
Service Advisor,North East Motor Group,Australia,An opportunity exists for an experienced Service Department professional to join our successful team at North East Motor Group.,https://www.seek.com.au/job/82429062?type=standard&ref=search-standalone&origin=cardTitle#sol=a20d9c8128803d612a64d72ac133126d7f14d915,
Technical Account Manager,Michelin Australia Pty Ltd,Australia,"We are looking for engineering graduates who are eager to uncover new opportunities, build and maintain relationships with our mining customers.",https://www.seek.com.au/job/82701434?type=standard&ref=search-standalone&origin=cardTitle#sol=15bfec766b6f6a52250ec93fefd924803e5a5db9,
Technical Officer (Automotive Technician),Mazda Australia,Australia,If you're an Automotive Diagnostic Technician looking to step off the tools but still want to utilise your technical expertise? This role is for you!,https://www.seek.com.au/job/82918244?type=standard&ref=search-standalone&origin=cardTitle#sol=8128c4c1568b9a66ad277c63e025ba0932f979e3,
Mahindra Sales Specialist,Pickering Automotive Group,Australia,Mahindra Sales,https://www.seek.com.au/job/82959442?type=standard&ref=search-standalone&origin=cardTitle#sol=9bee0f6393f6d32354560f84ac34ab1c2e78dd61,
Test Automation Engineer,StraightUp,Australia,Join our federal on a 12-month contract working within the company's existing testing team for a combination of BAU and Project work.,https://www.seek.com.au/job/82964340?type=standard&ref=search-standalone&origin=cardTitle#sol=7f07b0dd6c6fc4eb76d909be87956f2b1f48be58,
Product Support Service Technician,MAAS Group Holdings (MGH),Australia,The Field Product Support Technician for JACON Equipment will be primarily responsible for working on various mining locations within the client’s ...,https://www.seek.com.au/job/82864594?type=standard&ref=search-standalone&origin=cardTitle#sol=65c4918f68cee7e4ca9f6c1036b008e6acd918b7,
Desktop Support Engineer,HCL Australia Services Pty Ltd,Australia,IT Support,https://www.seek.com.au/job/82831547?type=standard&ref=search-standalone&origin=cardTitle#sol=1f57ac0cc35442c321ad95f10066b1785427aacb,
Solution Director,HCL Australia Services Pty Ltd,Australia,A job that provides perfect platform to grow yourself and your career.,https://www.seek.com.au/job/82839495?type=standard&ref=search-standalone&origin=cardTitle#sol=9a003665f7b20f7aa5562875b2bc78cfac47dc1f,
IT Risk Analyst,HCL Australia Services Pty Ltd,Australia,Infrastructure Risk Analyst,https://www.seek.com.au/job/82920386?type=standard&ref=search-standalone&origin=cardTitle#sol=c585a4c24de4fb354e9f1d31f868e9b0f7407808,
Senior Java Engineer (Development and Support),HCL Australia Services Pty Ltd,Australia,A job that provides perfect platform to grow yourself and your career.,https://www.seek.com.au/job/82926031?type=standard&ref=search-standalone&origin=cardTitle#sol=1f56ea3fdce9842b60017e3d69f9399afbe4d5e7,
Laboratory Technologist,Asahi Beverages,Australia,Join a leading beverage organisation and support our operations with beverage testing and data analysis to uphold quality and customer standards.,https://www.seek.com.au/job/82744708?type=standard&ref=search-standalone&origin=cardTitle#sol=3b557c963af05f4022fbf0335d84480a70d3ef9c,
Technical Internal Sales,Hydac,Australia,"HYDAC, a international Hydraulic manufacturer is seeking an experienced and ambitious Technical Sales person to join the Melbourne Sales Team",https://www.seek.com.au/job/82881979?type=standard&ref=search-standalone&origin=cardTitle#sol=487650e1759a4e81f251224f005192baac2e29bc,
Laboratory Analyst (Chemistry),Chem chrom Laboratories &services,Australia,"If you are a highly motivated and skilled Pharmaceutical Lab Technician and have experience in HPLC, GC, FTIR or U.V then we encourage you to apply.",https://www.seek.com.au/job/82607140?type=standard&ref=search-standalone&origin=cardTitle#sol=43ba690acb6974d7999a36542601c6191ec13509,
Laboratory scientist,HISTOLAB,Australia,Competitive remuneration and ongoing training. Join our growing team as a Laboratory Scientist.,https://www.seek.com.au/job/83003322?type=standard&ref=search-standalone&origin=cardTitle#sol=aff55e13ffbdc7c5bea6fb9e67bdbf7ca4f8c49b,
ETL Lead,HCL Australia Services Pty Ltd,Australia,we are looking for ETL lead,https://www.seek.com.au/job/82376315?type=standard&ref=search-standalone&origin=cardTitle#sol=43bb0dfc0dbff23d3d72489959f6d566e1448fd0,
Technical Sales Specialist,Hanna Instruments,Australia,The Technical Sales Specialist will be responsible for account management and business development in their assigned industry in New South Wales.,https://www.seek.com.au/job/82421652?type=standard&ref=search-standalone&origin=cardTitle#sol=72b9715f2a45dfd198ac414e605554785d358ffb,
Field Support Technician,Wipro Limited,Australia,"Hiring for Field Support Technician @ Sydney with experience in AV systems, hardware support, troubleshooting and network troubleshooting.",https://www.seek.com.au/job/82930450?type=standard&ref=search-standalone&origin=cardTitle#sol=08414c2f9409aa5687b9932715a0dfc43456e151,
Data Lead,Wipro Limited,Australia,Join a Data Lead role for a one year FTC role based in Melbourne,https://www.seek.com.au/job/82889629?type=standard&ref=search-standalone&origin=cardTitle#sol=f7946ddc60a442f01763e3a8b5d2284f19040bbf,
Devops Engineer ( Hashicorp experience),Wipro Limited,Australia,Join a large program of work for a Devops engineer with Hashicorp vault experience based in Melbourne/ Sydney.,https://www.seek.com.au/job/82918308?type=standard&ref=search-standalone&origin=cardTitle#sol=b8f30c934b068a3e9800a1cd13d84ee678616e96,
Networking Administrator,Wipro Limited,Australia,"Hiring for Network Admin @ Sydney with experience in working knowledge on Routing, Switching, LAN, Wireless LAN, WAN & SDWAN",https://www.seek.com.au/job/82931061?type=standard&ref=search-standalone&origin=cardTitle#sol=da8a558a1698897f350901f7916bc736b4c451dd,
Solutions Architect/ Cyber Solutions designer,Wipro Limited,Australia,Join an exciting Cyber Solution Designer role large program of work based in Sydney for a Telco client.,https://www.seek.com.au/job/82774327?type=standard&ref=search-standalone&origin=cardTitle#sol=f267bfc7e6ccccc2661720a62ae57389ca59d154,
Solutions Architect (Broadcast Technology),Wipro Limited,Australia,"Designing and delivering end-to-end solutions for TV broadcast projects, including integration with third-party solutions",https://www.seek.com.au/job/82412358?type=standard&ref=search-standalone&origin=cardTitle#sol=e6ef9d9fcd30974b34419339fa99e5e012043f85,
Data Center Facilities Administrator,Wipro Limited,Australia,Data Center Facilities Administrator @ Melbourne to Ensure all data center underlying infrastructure is maintained and operational.,https://www.seek.com.au/job/82950826?type=standard&ref=search-standalone&origin=cardTitle#sol=fc0c0304b9f1636e4bbea828237e94afadaecdf6,
Automation Engineer (C#/Java - Appium),Cognizant Technology Solutions Australia Pty Ltd,Australia,"Experience in automating mobile apps on Android, Windows and iOS platforms",https://www.seek.com.au/job/82923397?type=standard&ref=search-standalone&origin=cardTitle#sol=e03c38ecfc6ffe28958c1a66a902b867d8e0f716,
Test Director,Cognizant Technology Solutions Australia Pty Ltd,Australia,"Develop test plans, ensuring coverage for functional, non-functional, security, and compliance testing.",https://www.seek.com.au/job/82923112?type=standard&ref=search-standalone&origin=cardTitle#sol=e802cfd4e93ca0862843b85ac385e1616270b8ec,
Lead Developer - DAON,Cognizant Technology Solutions Australia Pty Ltd,Australia,Own the project from the initial stages in the implementation of DAON's TrustX and IdentityX platform!,https://www.seek.com.au/job/82762167?type=standard&ref=search-standalone&origin=cardTitle#sol=af87a80fa32db09565b4ebf9468889503e0973ab,
